,page_id,wikidata_id,nativeLanguageLabel,countryOfCitizenshipLabel,ethnicGroupLabel,Actor name,Actors id,Actress id,dataset_id,runtime,languages,countries,genres,reviewScores,awardsReceived,awardsNominated,capitalCost,release date,nbOscarReceived,nbOscarNominated,Wikipedia movie ID,Movie name,Movie release date,Movie genres,Movie box office revenue,Movie release year,Actor age at movie release,Actor date of birth,Actor ethnicity,Character name,Freebase actor ID
0,106405,Q77181,,Germany,,Emil Jannings,106405.0,,/m/045pct,88.0,"['Silent film', 'English']",['United States of America'],"['Silent film', 'Indie', 'Black-and-white', 'Period piece', 'Drama', 'War film', 'Political drama']",,[],[],,,,,1096473.0,The Last Command,1928-01-01,"['Experimental & Art', 'Other', 'War & Political', 'Drama', 'Historical & Period']",,1928,,1884-07-23,,,/m/0qmss
1,106405,Q77181,,Germany,,Emil Jannings,106405.0,,/m/04dc58,94.0,"['Silent film', 'English']",['United States of America'],"['Silent film', 'Drama', 'Indie', 'Black-and-white']",,[],[],,,1,1,1172795.0,The Way of All Flesh,1927-01-01,"['Drama', 'Experimental & Art', 'Other']",,1927,,1884-07-23,,,/m/0qmss
2,142784,Q312073,English,United States of America,,Warner Baxter,142784.0,,/m/0c5vz,95.0,['English'],['United States of America'],"['Action/Adventure', 'Western', 'Action', 'Adventure', 'Black-and-white']",,[],[],,,1,5,44749.0,In Old Arizona,1929-01-01,"['Action & Adventure', 'Other']",,1929,,1889-03-29,,,/m/011_nf
3,7605117,Q182229,,United Kingdom,,George Arliss,7605117.0,,/m/0glw2,87.0,['English'],['United States of America'],"['Silent film', 'Biography', 'Indie', 'Black-and-white', 'Drama', 'Biographical film', 'Political drama']",,[],[],,,,,61189.0,Disraeli,1929-01-01,"['Drama', 'Documentary', 'Experimental & Art', 'Other']",,1929,,1868-04-10,,Benjamin Disraeli,/m/0266kbw
4,67022,Q295593,English,United States of America,,Lionel Barrymore,67022.0,,/m/012c5t,91.0,['English'],['United States of America'],"['Crime Fiction', 'Melodrama', 'Pre-Code', 'Drama', 'Romantic drama', 'Romance Film', 'Courtroom Drama']",,[],[],,,1,3,144765.0,A Free Soul,1931-06-20,"['Drama', 'Romance', 'Other']",,1931,,1878-04-28,,,/m/0hnkp
5,142834,Q322179,English,United States of America,,Wallace Beery,142834.0,,/m/0gkrn,87.0,['English'],['United States of America'],"['Sports', 'Drama', 'Black-and-white', 'Boxing']",,[],[],,,,,61058.0,The Champ,1931-01-01,"['Drama', 'Sports', 'Other']",,1931,,1885-04-01,,,/m/01200d
6,63556,Q181819,English,United States of America,,Fredric March,63556.0,,/m/012c80,98.0,['English'],['United States of America'],"['Science Fiction', 'Horror', 'Black-and-white', 'Drama', 'Point of view shot', 'Pre-Code']",,[],[],,,,,144774.0,Dr. Jekyll and Mr. Hyde,1931-12-31,"['Experimental & Art', 'Other', 'Horror', 'Fantasy & Sci-Fi', 'Drama']",,1931,,1897-08-31,,Dr. Henry Jekyll,/m/0h1_w
7,63556,Q181819,English,United States of America,,Fredric March,63556.0,,/m/012c80,98.0,['English'],['United States of America'],"['Science Fiction', 'Horror', 'Black-and-white', 'Drama', 'Point of view shot', 'Pre-Code']",,[],[],,,,,144774.0,Dr. Jekyll and Mr. Hyde,1931-12-31,"['Experimental & Art', 'Other', 'Horror', 'Fantasy & Sci-Fi', 'Drama']",,1931,,1897-08-31,,Mr. Hyde,/m/0h1_w
8,63556,Q181819,English,United States of America,,Fredric March,63556.0,,/m/0bl5c,168.0,['English'],['United States of America'],"['Ensemble Film', 'Family Drama', 'Americana', 'Epic', 'Black-and-white', 'Drama', 'War film']",,[],[],,,7 (1),8,42159.0,The Best Years of Our Lives,1946-01-01,"['War & Political', 'Drama', 'Other', 'Historical & Period']",23650000.0,1946,,1897-08-31,,Al Stephenson,/m/0h1_w
9,61641,Q55264,English,United Kingdom,,Charles Laughton,61641.0,,/m/0gkxr,96.0,['English'],['United Kingdom'],"['Biography', 'Costume drama', 'Historical fiction', 'Black-and-white', 'Marriage Drama', 'Drama', 'Biopic [feature]', 'Biographical film', 'Historical Epic', 'Romance Film']",,[],[],,,1,2,61074.0,The Private Life of Henry VIII,1933-08-17,"['Other', 'Documentary', 'Romance', 'Drama', 'Historical & Period']",,1933,,1899-07-01,,,/m/0gpmp
10,42083,Q71243,English,United States of America,,Clark Gable,42083.0,,/m/0c5dd,65.0,['English'],['United States of America'],"['Romantic comedy', 'Road movie', 'Screwball comedy', 'Black-and-white', 'Pre-Code', 'Comedy', 'Romance Film']",,[],[],,,5,5,44696.0,It Happened One Night,1934-02-22,"['Romance', 'Action & Adventure', 'Comedy', 'Other']",2500000.0,1934,33.0,1901-02-01,,Peter,/m/0bkmf
11,45360,Q329577,English,United Kingdom,,Victor McLaglen,45360.0,,/m/0gnd3,91.0,['English'],['United States of America'],"['Drama', 'Political drama', 'Black-and-white']",,[],[],,,4,6,61483.0,The Informer,1935-01-01,"['Drama', 'Other']",950000.0,1935,,1886-12-10,,Gypo Nolan,/m/0cbf0
12,45188,Q182292,,United States of America,,Paul Muni,45188.0,,/m/0gnp3,87.0,['English'],['United States of America'],"['Biography', 'Black-and-white', 'Period piece', 'Drama', 'Medical fiction', 'Biopic [feature]', 'Biographical film']",,[],[],,,3,4,61514.0,The Story of Louis Pasteur,1936-01-01,"['Drama', 'Documentary', 'Historical & Period', 'Other']",,1936,,1895-09-22,Jewish people,,/m/0c92y
13,45782,Q71275,English,United States of America,,Spencer Tracy,45782.0,,/m/0bcm5s,115.0,['English'],['United States of America'],"['Adventure', 'Black-and-white', 'Action/Adventure', 'Drama', 'Film adaptation', 'Action']",,[],[],,,1,4,4015188.0,Captains Courageous,1937-01-01,"['Action & Adventure', 'Drama', 'Other']",,1937,36.0,1900-04-05,Irish Americans,Manuel Fidello,/m/0cf2h
14,45782,Q71275,English,United States of America,,Spencer Tracy,45782.0,,/m/037dfm,93.0,,['United States of America'],"['Biographical film', 'Drama']",,[],[],,,2,5,740989.0,Boys Town,1938-01-01,['Drama'],,1938,37.0,1900-04-05,Irish Americans,Father Flanagan,/m/0cf2h
15,84878,Q116983,,United Kingdom,,Robert Donat,84878.0,,/m/048kb8,114.0,['English'],['United Kingdom'],"['Drama', 'Black-and-white']",,[],[],,,1,7,1126798.0,"Goodbye, Mr. Chips",1939-03-15,"['Drama', 'Other']",3252000.0,1939,33.0,1905-03-18,,Arthur Chipping,/m/0ll0f
16,16273,Q102462,,United States of America,,James Stewart,16273.0,,/m/0gxfz,112.0,"['French', 'English']",['United States of America'],"['Romantic comedy', 'Romance Film', 'Screwball comedy', 'Comedy', 'Black-and-white']",,[],[],,,2,6,62592.0,The Philadelphia Story,1940-12-23,"['Romance', 'Comedy', 'Other']",3000000.0,1940,32.0,1908-05-20,Scottish Americans,Macaulay Connor,/m/044qx
17,44359,Q93957,English,United States of America,,Gary Cooper,44359.0,,/m/0kb1g,134.0,['English'],['United States of America'],"['Biography', 'Costume drama', 'Biopic [feature]', 'Black-and-white', 'Action/Adventure', 'Drama', 'War film', 'Biographical film', 'Action']",,[],[],,,2,11,77609.0,Sergeant York,1941-01-01,"['Other', 'Documentary', 'Action & Adventure', 'War & Political', 'Drama', 'Historical & Period']",4000000.0,1941,39.0,1901-05-07,,Alvin C. York,/m/0c2tf
18,44359,Q93957,English,United States of America,,Gary Cooper,44359.0,,/m/0jswp,85.0,"['English', 'Spanish']",['United States of America'],"['Western', 'Drama']",,[],[],,,4,7,74011.0,High Noon,1952-07-07,"['Action & Adventure', 'Drama']",8000000.0,1952,51.0,1901-05-07,,Will Kane,/m/0c2tf
19,16046,Q94041,,United States of America,,James Cagney,16046.0,,/m/0k5px,126.0,['English'],['United States of America'],"['Biography', 'Black-and-white', 'Musical', 'Drama', 'Biopic [feature]', 'Biographical film', 'Musical Drama']",,[],[],,,3,8.0,76647.0,Yankee Doodle Dandy,1942-01-01,"['Drama', 'Documentary', 'Music & Dance', 'Other']",4000000.0,1942,,1899-07-17,Irish Americans,George M. Cohan,/m/0432b
20,145646,Q182057,Hungarian,United States of America,,Paul Lukas,145646.0,,/m/0kbfw,114.0,['English'],['United States of America'],"['Thriller', 'War film', 'Drama', 'Black-and-white', 'Spy']",,[],[],,,1,4.0,77674.0,Watch on the Rhine,1943-08-27,"['Other', 'Thriller & Mystery', 'Action & Adventure', 'War & Political', 'Drama']",,1943,,1891-05-26,Jewish people,Kurt Muller,/m/012j9q
21,4010,Q72984,English,United States of America,,Bing Crosby,4010.0,,/m/0bmpm,126.0,['English'],['United States of America'],"['Christian film', 'Musical', 'Drama', 'Comedy', 'Music', 'Musical Drama', 'Religious Film']",,[],[],,,7,10,42383.0,Going My Way,1944-05-03,"['Drama', 'Music & Dance', 'Religious & Spiritual', 'Comedy']",,1944,41.0,1903-05-03,Irish Americans,Father O'Malley,/m/01vsy9_
22,53505,Q181774,English,United Kingdom,,Ray Milland,53505.0,,/m/0bm2x,99.0,['English'],['United States of America'],"['Drama', 'Social problem film', 'Addiction Drama', 'Film noir', 'Film adaptation']",,[],[],,,4,7,42294.0,The Lost Weekend,1945-01-01,"['Thriller & Mystery', 'Drama', 'Other']",,1945,37.0,1907-01-03,,Don Birnam,/m/0f0p0
23,142841,Q181786,,United Kingdom,,Ronald Colman,142841.0,,/m/01382t,107.0,['English'],['United States of America'],"['Thriller', 'Crime Fiction', 'Black-and-white', 'Drama', 'Crime Thriller', 'Film noir']",,[],[],,,2,4,149791.0,A Double Life,1947-12-25,"['Thriller & Mystery', 'Drama', 'Other']",,1947,,1891-02-09,,Anthony John,/m/01201_
24,43675,Q55245,,United Kingdom,,Laurence Olivier,43675.0,,/m/0kt_4,153.0,['English'],['United Kingdom'],"['Tragedy', 'Costume drama', 'Roadshow theatrical release', 'Black-and-white', 'Drama', 'Film adaptation']",,[],[],,,4,7,80530.0,Hamlet,1948-01-01,"['Drama', 'Other', 'Historical & Period']",,1948,40.0,1907-05-22,,Prince Hamlet,/m/0byfz
25,154686,Q182349,English,United States of America,,Broderick Crawford,154686.0,,/m/0c5qvw,109.0,['English'],['United States of America'],"['Drama', 'Political drama']",,[],[],,,,,4500088.0,All the King's Men,1950-01-01,['Drama'],2400000.0,1950,,1911-12-09,,Willie Stark,/m/01479s
26,113471,Q312098,English,United States of America,Puerto Ricans,José Ferrer,113471.0,,/m/0c22kf,112.0,['English'],['France'],"['Swashbuckler films', 'Costume drama', 'Epic', 'Black-and-white', 'Period piece', 'Drama', 'Film adaptation', 'Romantic drama', 'Romance Film']",,[],[],,,1,1,4432750.0,Cyrano de Bergerac,1950-01-01,"['Other', 'Action & Adventure', 'Romance', 'Drama', 'Historical & Period']",1900000.0,1950,37.0,1912-01-08,Puerto Ricans,Cyrano de Bergerac,/m/0sxqg
27,14045,Q16390,American English,United States of America,,Humphrey Bogart,14045.0,,/m/0hv27,106.0,"['Swahili', 'English', 'German']",['United Kingdom'],"['Adventure', 'War film', 'Action/Adventure', 'Drama', 'Film adaptation', 'Romance Film', 'Action']",,[],[],,,1,4,68079.0,The African Queen,1951-12-23,"['Other', 'Action & Adventure', 'War & Political', 'Romance', 'Drama']",,1951,,1899-12-25,Dutch Americans,Charlie Allnut,/m/03n6r
28,147352,Q95002,English,United States of America,,William Holden,147352.0,,/m/014knw,120.0,['English'],['United States of America'],"['Ensemble Film', 'Comedy-drama', 'Black-and-white', 'Drama', 'Comedy', 'War film']",,[],[],,,1,3,156641.0,Stalag 17,1953-01-01,"['War & Political', 'Drama', 'Comedy', 'Other']",3300000.0,1953,34.0,1918-04-17,,Sgt. J.J. Sefton,/m/012v9y
29,19903,Q34012,,United States of America,,Marlon Brando,19903.0,,/m/0bmhn,108.0,['English'],['United States of America'],"['Crime Fiction', 'Romance Film', 'Drama', 'Black-and-white']",,[],[],,,8,12,42361.0,On the Waterfront,1954-06-24,"['Drama', 'Romance', 'Other']",9600000.0,1954,30.0,1924-04-03,Dutch Americans,Terry Malloy,/m/04__f
30,19903,Q34012,,United States of America,,Marlon Brando,19903.0,,/m/07g1sm,177.0,"['Latin', 'Italian', 'Sicilian', 'English']",['United States of America'],"['Crime Fiction', 'Gangster Film', 'Crime Drama', 'Family Drama', 'Period piece', 'Drama', 'Film adaptation', 'New Hollywood']",,[],[],,,3,10[4],2466773.0,The Godfather,1972-03-15,"['Other', 'Experimental & Art', 'Thriller & Mystery', 'Drama', 'Historical & Period']",268500000.0,1972,47.0,1924-04-03,Dutch Americans,Vito Corleone,/m/04__f
31,161436,Q102551,English,United States of America,,Ernest Borgnine,161436.0,,/m/0gysrn1,94.0,,,"['Romance Film', 'Drama', 'Comedy film']",,[],[],,,4,8,13609396.0,Marty,1955-04-11,"['Drama', 'Comedy', 'Romance']",2000000.0,1955,38.0,1917-01-24,,,/m/015d3h
32,61797,Q102813,,Far Eastern Republic,,Yul Brynner,61797.0,,/m/0bcndz,133.0,"['English', 'Thai']",['United States of America'],"['Costume drama', 'Period piece', 'Musical', 'Drama', 'Family Film', 'Romance Film']",,[],[],,,5,9,4015886.0,The King and I,1956-06-28,"['Music & Dance', 'Romance', 'Animated & Family', 'Drama', 'Historical & Period']",8500000.0,1956,35.0,1920-07-11,Jewish people,King Mongkut,/m/0gqrb
33,19672828,Q103894,,United Kingdom,,Alec Guinness,19672828.0,,/m/0bs4r,155.0,"['Japanese', 'English', 'Thai']","['United States of America', 'United Kingdom']","['Ensemble Film', 'Drama', 'Adventure', 'War film']",,[],[],,,7,8,42856.0,The Bridge on the River Kwai,1957-10-02,"['War & Political', 'Action & Adventure', 'Drama']",33300000.0,1957,43.0,1914-04-02,,Colonel Nicholson,/m/0gr36
34,46165,Q80739,English,United States of America,,Charlton Heston,46165.0,,/m/04v8x9,219.0,['English'],['United States of America'],"['History', 'Romance Film', 'Action', 'Drama', 'Adventure']",,[],[],,,11,12,1343342.0,Ben-Hur,1959-11-18,"['Action & Adventure', 'Drama', 'Romance', 'Historical & Period']",146900000.0,1959,36.0,1923-10-04,Scottish Americans,Judah Ben-Hur,/m/0chsq
35,4537,Q160528,English,United States of America,,Burt Lancaster,4537.0,,/m/0gzw6z,147.0,['English'],['United States of America'],['Drama'],,[],[],,,3,5,6982919.0,Elmer Gantry,1960-06-29,['Drama'],,1960,46.0,1913-11-02,,Elmer Gantry,/m/01g42
36,161516,Q153018,,Switzerland,,Maximilian Schell,161516.0,,/m/0n0bp,186.0,['English'],['United States of America'],"['Drama', 'Political drama', 'Courtroom Drama']",,[],[],,,2,11,92715.0,Judgment at Nuremberg,1961-12-19,['Drama'],10000000.0,1961,31.0,1930-12-08,Swiss,Hans Rolfe,/m/015dqj
37,77491,Q108366,,United States of America,,Gregory Peck,77491.0,,/m/0ccck7,124.0,['English'],['United States of America'],"['Crime Fiction', 'Family Drama', 'Childhood Drama', 'Black-and-white', 'Mystery', 'Drama', 'Film adaptation', 'Courtroom Drama']",,[],[],,,3,8.0,4607980.0,To Kill a Mockingbird,1962-12-25,"['Thriller & Mystery', 'Drama', 'Other']",20629846.0,1962,46.0,1916-04-05,Scottish Americans,Atticus Finch,/m/0k9j_
38,46052,Q104049,English,United States of America,African Americans,Sidney Poitier,46052.0,,/m/0p4wv,95.0,"['German', 'English', 'Spanish']",['United States of America'],"['Drama', 'Comedy']",,[],[],,,1,5,97734.0,Lilies of the Field,1963-07-05,"['Drama', 'Comedy']",,1963,36.0,1927-02-20,African Americans,Homer Smith,/m/0cgzj
39,99019,Q181887,British English,United Kingdom,,Rex Harrison,99019.0,,/m/0cq7kw,172.0,['English'],['United States of America'],"['Costume drama', 'Roadshow theatrical release', 'Musical', 'Drama', 'Comedy', 'Romance Film', 'Family Film']",,[],[],,,8,12,4836072.0,My Fair Lady,1964-10-21,"['Other', 'Music & Dance', 'Comedy', 'Romance', 'Drama', 'Animated & Family', 'Historical & Period']",72000000.0,1964,56.0,1908-03-05,,Professor Henry Higgins,/m/0p9qb
40,18433,Q76895,English,United States of America,,Lee Marvin,18433.0,,/m/015gm_,96.0,['English'],['United States of America'],"['Parody', 'Comedy Western', 'Musical', 'Musical comedy', 'Action/Adventure', 'Western', 'Drama', 'Comedy', 'Film adaptation']",,[],[],,,1,5,161882.0,Cat Ballou,1965-06-24,"['Other', 'Action & Adventure', 'Music & Dance', 'Comedy', 'Drama']",20000000.0,1965,41.0,1924-02-19,,Kid Shelleen,/m/04n_g
41,18433,Q76895,English,United States of America,,Lee Marvin,18433.0,,/m/015gm_,96.0,['English'],['United States of America'],"['Parody', 'Comedy Western', 'Musical', 'Musical comedy', 'Action/Adventure', 'Western', 'Drama', 'Comedy', 'Film adaptation']",,[],[],,,1,5,161882.0,Cat Ballou,1965-06-24,"['Other', 'Action & Adventure', 'Music & Dance', 'Comedy', 'Drama']",20000000.0,1965,41.0,1924-02-19,,Tim Strawn,/m/04n_g
42,67943,Q223988,,United Kingdom,,Paul Scofield,67943.0,,/m/0cq806,120.0,"['French', 'Latin', 'English', 'Spanish']",['United Kingdom'],"['Christian film', 'Costume drama', 'Period piece', 'Drama', 'Film adaptation', 'Biographical film', 'Courtroom Drama']",,[],[],,,6,8,4836350.0,A Man for All Seasons,1966-12-12,"['Drama', 'Other', 'Religious & Spiritual', 'Historical & Period']",,1966,44.0,1922-01-21,,Sir Thomas More,/m/0ht9x
43,61258,Q273215,English,United States of America,,Rod Steiger,61258.0,,/m/05qm9f,109.0,['English'],['United States of America'],"['Crime Fiction', 'Thriller', 'Crime Drama', 'Mystery', 'Drama', 'Crime Thriller']",,[],[],,,5,7,1715414.0,In the Heat of the Night,1967-08-02,"['Thriller & Mystery', 'Drama']",24379978.0,1967,42.0,1925-04-14,,Police Chief Bill Gillespie,/m/0gm34
44,161898,Q181899,,United States of America,,Cliff Robertson,161898.0,,/m/015gv2,103.0,"['English', 'American English']",['United States of America'],"['Romantic drama', 'Science Fiction', 'Drama', 'Romance Film', 'Film adaptation']",,[],[],,,1,1,161901.0,Charly,1968-09-23,"['Fantasy & Sci-Fi', 'Drama', 'Romance', 'Other']",7260000.0,1968,45.0,1923-09-09,,Charly Gordon,/m/015gsv
45,16103,Q40531,English,United States of America,,John Wayne,16103.0,,/m/015gxt,127.0,['English'],['United States of America'],"['Adventure', 'Costume drama', 'Action/Adventure', 'Western', 'Drama', 'Film adaptation']",,[],[],,,1,2.0,161912.0,True Grit,1969-06-11,"['Action & Adventure', 'Drama', 'Other', 'Historical & Period']",31132592.0,1969,62.0,1907-05-26,Scotch-Irish Americans,Rooster Cogburn,/m/043gj
46,82847,Q182450,,United States of America,,George C. Scott,82847.0,,/m/0pd4f,170.0,"['Arabic', 'Italian', 'English', 'French', 'Russian', 'German']",['United States of America'],"['Biography', 'Biopic [feature]', 'Epic', 'Action/Adventure', 'Drama', 'War film', 'Biographical film', 'Action', 'New Hollywood']",,[],[],,,7,10,99454.0,Patton,1970-03-26,"['Experimental & Art', 'Documentary', 'Action & Adventure', 'War & Political', 'Drama', 'Historical & Period']",61749765.0,1970,42.0,1927-10-18,White people,"General George S. Patton, Jr.",/m/0l786
47,12561,Q150943,English,United States of America,,Gene Hackman,12561.0,,/m/0pd64,104.0,"['French', 'English']",['United States of America'],"['Thriller', 'Crime Fiction', 'Detective fiction', 'Chase Movie', 'Action Thrillers', 'Mystery', 'Drama', 'Action']",,[],[],,,5,8,99463.0,The French Connection,1971-10-07,"['Thriller & Mystery', 'Action & Adventure', 'Drama']",51700000.0,1971,41.0,1930-01-30,White Americans,Jimmy 'Popeye' Doyle,/m/039bp
48,15821,Q94123,English,United States of America,,Jack Lemmon,15821.0,,/m/015qr6,100.0,"['English', 'Spanish']",['United States of America'],"['Crime Fiction', 'Drama']",,[],[],,,1,3,163454.0,Save the Tiger,1973-02-14,['Drama'],,1973,48.0,1925-02-08,,Harry Stoner,/m/040z9
49,163461,Q182431,English,United States of America,,Art Carney,163461.0,,/m/015qtl,115.0,['English'],['United States of America'],"['Road movie', 'Americana', 'Comedy-drama', 'Drama', 'Comedy', 'New Hollywood']",,[],[],,,1,2,163462.0,Harry and Tonto,1974-08-12,"['Experimental & Art', 'Action & Adventure', 'Comedy', 'Drama', 'Historical & Period']",,1974,55.0,1918-11-04,Irish Americans,Harry,/m/015qt5
50,18617829,Q39792,American English,United States of America,,Jack Nicholson,18617829.0,,/m/07xtqq,129.0,['English'],['United States of America'],"['Tragedy', 'Indie', 'Existentialism', 'Comedy-drama', 'Drama', 'Comedy', 'Film adaptation', 'Tragicomedy']",,[],[],,,5,9,21913863.0,One Flew Over the Cuckoo's Nest,1975-11-19,"['Drama', 'Other', 'Comedy', 'Experimental & Art']",108981275.0,1975,38.0,1937-04-22,Italian Americans,Randle Patrick McMurphy,/m/09fb5
51,18617829,Q39792,American English,United States of America,,Jack Nicholson,18617829.0,,/m/011yn5,139.0,['English'],['United States of America'],"['Romantic comedy', 'LGBT', 'Slice of life story', 'Comedy-drama', 'Drama', 'Comedy', 'Romance Film']",,[],[],,,2,7,142447.0,As Good as It Gets,1997-12-19,"['Romance', 'Drama', 'Comedy', 'Other']",314178011.0,1997,60.0,1937-04-22,Italian Americans,Melvin Udall,/m/09fb5
52,170975,Q294454,,United Kingdom,,Peter Finch,170975.0,,/m/04j13sx,121.0,['English'],['United States of America'],"['Parody', 'Black comedy', 'Satire', 'Drama', 'New Hollywood']",,[],[],,,4,10,101935.0,Network,1976-11-14,"['Drama', 'Comedy', 'Experimental & Art']",,1976,60.0,1916-09-28,,Howard Beale,/m/016ynj
53,159625,Q181799,English,United States of America,,Richard Dreyfuss,159625.0,,/m/0pv2t,110.0,"['Japanese', 'English']",['United States of America'],"['Romantic comedy', 'Romance Film', 'Drama', 'Comedy', 'New Hollywood']",,[],[],,,1,5,101943.0,The Goodbye Girl,1977-11-30,"['Romance', 'Drama', 'Comedy', 'Experimental & Art']",83700000.0,1977,30.0,1947-10-29,Jewish people,Elliot Garfield,/m/01520h
54,16521,Q167520,English,United States of America,,Jon Voight,16521.0,,/m/0p_qr,126.0,['English'],['United States of America'],"['Drama', 'War film', 'Romantic drama', 'Romance Film', 'Political drama', 'New Hollywood']",,[],[],,,3,8,103011.0,Coming Home,1978-02-15,"['War & Political', 'Drama', 'Romance', 'Experimental & Art']",32653905.0,1978,39.0,1938-12-29,Slovak Americans,Luke Martin,/m/046qq
55,42148,Q42930,English,United States of America,,Dustin Hoffman,42148.0,,/m/0p_th,105.0,['English'],['United States of America'],"['Family Drama', 'Drama', 'Marriage Drama', 'New Hollywood', 'Courtroom Drama']",,[],[],,,5,9,103026.0,Kramer vs. Kramer,1979-01-01,"['Drama', 'Experimental & Art']",106260000.0,1979,41.0,1937-08-08,Jewish people,Ted Kramer,/m/0bl2g
56,42148,Q42930,English,United States of America,,Dustin Hoffman,42148.0,,/m/0yx_w,133.0,"['Italian', 'English']",['United States of America'],"['Road movie', 'Family Drama', 'Drama', 'Melodrama']",,[],[],,,4,8,129368.0,Rain Man,1988-12-12,"['Action & Adventure', 'Drama']",354825435.0,1988,51.0,1937-08-08,Jewish people,Raymond Babbitt,/m/0bl2g
57,20913302,Q36949,English,United States of America,,Robert De Niro,20913302.0,,/m/06cm5,129.0,['English'],['United States of America'],"['Biography', 'Black-and-white', 'Sports', 'Period piece', 'Drama', 'Boxing', 'Biopic [feature]', 'Biographical film', 'New Hollywood', 'Neo-noir']",,[],[],,,2,8,25506.0,Raging Bull,1980-11-14,"['Other', 'Documentary', 'Experimental & Art', 'Sports', 'Drama', 'Historical & Period']",23380203.0,1980,37.0,1943-08-17,Italian Americans,Jake LaMotta,/m/06cgy
58,46228,Q19155,,United States of America,,Henry Fonda,46228.0,,/m/03hj3b3,90.0,['English'],"['United States of America', 'United Kingdom']","['Romance Film', 'Drama']",,[],[],,,3,10,15119799.0,On Golden Pond,1981-12-04,"['Drama', 'Romance']",119285432.0,1981,76.0,1905-05-16,Dutch Americans,"Norman Thayer, Jr.",/m/0cj8x
59,168480,Q173158,,United Kingdom,,Ben Kingsley,168480.0,,/m/0209hj,188.0,"['Hindi', 'English']","['India', 'United Kingdom']","['British Empire Film', 'History', 'Historical fiction', 'Epic', 'Drama', 'Biopic [feature]', 'Biographical film', 'Historical Epic']",,[],[],,,8,11,369508.0,Gandhi,1982-11-30,"['Drama', 'Historical & Period']",52767889.0,1982,38.0,1943-12-31,Indians,Mahatma Gandhi,/m/016k6x
60,161266,Q171736,,United States of America,,Robert Duvall,161266.0,,/m/0sxhp,100.0,['English'],['United States of America'],"['Christian film', 'Indie', 'Family Drama', 'Musical', 'Drama', 'Romantic drama', 'Romance Film']",,[],[],,,2,5,113445.0,Tender Mercies,1983-03-04,"['Experimental & Art', 'Religious & Spiritual', 'Music & Dance', 'Romance', 'Drama']",8440000.0,1983,52.0,1931-01-05,,Mac Sledge,/m/015c4g
61,168494,Q181936,,United States of America,,F. Murray Abraham,168494.0,,/m/042y1c,180.0,"['English', 'Italian', 'Latin', 'German']",['United States of America'],"['Biography', 'Costume drama', 'Comedy-drama', 'Period piece', 'Drama', 'Biopic [feature]', 'Music', 'Biographical film', 'Musical Drama']",,[],[],,,8,11,1065214.0,Amadeus,1984-09-06,"['Documentary', 'Music & Dance', 'Comedy', 'Drama', 'Historical & Period']",51973029.0,1984,44.0,1939-10-24,Italian Americans,Antonio Salieri,/m/016kb7
62,168534,Q105825,,United States of America,,William Hurt,168534.0,,/m/0sxkh,120.0,"['French', 'English', 'Portuguese']","['United States of America', 'Brazil']","['LGBT', 'Crime Fiction', 'Indie', 'World cinema', 'Prison film', 'Gay Themed', 'Gay', 'Gay Interest', 'Drama', 'Film adaptation', 'Prison', 'Political drama']",,[],[],,,1,4,113452.0,Kiss of the Spider Woman,1985-05-13,"['Romance', 'Drama', 'Experimental & Art', 'Other']",17005229.0,1985,35.0,1950-03-20,White people,Luis Molina,/m/016khd
63,49706,Q41871,English,United States of America,,Paul Newman,49706.0,,/m/016kpn,120.0,"['English', 'Spanish']",['United States of America'],"['Sports', 'Drama']",,[],[],,,1,4,168561.0,The Color of Money,1986-10-17,"['Drama', 'Sports']",52293982.0,1986,61.0,1925-01-26,Slovak Americans,Eddie Felson,/m/0d6d2
64,78781,Q119798,English,United States of America,,Michael Douglas,78781.0,,/m/0g22z,126.0,['English'],['United States of America'],"['Crime Fiction', 'Drama']",,[],[],,,1,1.0,58865.0,Wall Street,1987-12-11,['Drama'],43848100.0,1987,43.0,1944-09-25,Scotch-Irish Americans,Gordon Gekko,/m/0kjgl
65,171003,Q166389,,United Kingdom,Jewish people,Daniel Day-Lewis,171003.0,,/m/0yzvw,119.0,['English'],"['Ireland', 'United Kingdom']","['Biography', 'Drama', 'Medical fiction', 'Biopic [feature]']",,[],[],,,2,5,129542.0,My Left Foot,1989-09-13,"['Drama', 'Documentary']",14743391.0,1989,32.0,1957-04-29,Jewish people,Christy Brown,/m/016yvw
66,171003,Q166389,,United Kingdom,Jewish people,Daniel Day-Lewis,171003.0,,/m/08zrbl,158.0,"['English', 'American']",['United States of America'],"['Period piece', 'Family Drama', 'Drama']",,[],[],,,2,8.0,3213691.0,There Will Be Blood,2007-09-27,"['Drama', 'Historical & Period']",76181545.0,2007,50.0,1957-04-29,Jewish people,Daniel Plainview,/m/016yvw
67,171003,Q166389,,United Kingdom,Jewish people,Daniel Day-Lewis,171003.0,,/m/0gmgwnv,,['English'],['United States of America'],"['Biographical film', 'Historical fiction', 'Drama', 'War film']",,[],[],,,2,12,31724592.0,Lincoln,2012-10-08,"['War & Political', 'Drama', 'Historical & Period']",,2012,55.0,1957-04-29,Jewish people,Abraham Lincoln,/m/016yvw
68,26274410,Q171745,,United Kingdom,,Jeremy Irons,26274410.0,,/m/016yxn,109.0,['English'],"['United States of America', 'Japan', 'United Kingdom']","['Thriller', 'Mystery', 'Drama', 'Japanese Movies', 'Courtroom Drama']",,[],[],,,1,3,171011.0,Reversal of Fortune,1990-01-01,"['Thriller & Mystery', 'Drama', 'Other']",15445131.0,1990,41.0,1948-09-19,English people,Claus Von Bulow,/m/016ywr
69,2397,Q65932,English,United Kingdom,,Anthony Hopkins,2397.0,,/m/07cyl,118.0,['English'],['United States of America'],"['Thriller', 'LGBT', 'Horror', 'Psychological thriller', 'Crime Fiction', 'Suspense', 'Drama', 'Crime Thriller']",,[],[],,,5,7,30006.0,The Silence of the Lambs,1991-02-14,"['Thriller & Mystery', 'Drama', 'Horror', 'Other']",272742922.0,1991,53.0,1937-12-31,Irish migration to Great Britain,Hannibal Lecter,/m/0z4s
70,41906,Q41163,,United States of America,Sicilian Americans,Al Pacino,41906.0,,/m/0_9wr,137.0,['English'],['United States of America'],"['Drama', 'Coming of age']",,[],[],,,1,4,133648.0,Scent of a Woman,1992-12-23,['Drama'],,1992,52.0,1940-04-25,Italian Americans,Lt. Col. Frank Slade,/m/0bj9k
71,43568,Q2263,English,United States of America,,Tom Hanks,43568.0,,/m/02d413,125.0,['English'],['United States of America'],"['LGBT', 'Tragedy', 'Gay', 'Gay Interest', 'Drama', 'Medical fiction', 'Gay Themed', 'Courtroom Drama']",,[],[],,,2,5,468293.0,Philadelphia,1993-01-01,"['Drama', 'Romance', 'Other']",206678440.0,1993,36.0,1956-07-09,Portuguese Americans,Andrew Beckett,/m/0bxtg
72,43568,Q2263,English,United States of America,,Tom Hanks,43568.0,,/m/0bdjd,136.0,['English'],['United States of America'],"['Coming of age', 'Comedy film', 'Drama', 'War film', 'Romantic drama', 'Romance Film']",,[],[],,,6,13,41528.0,Forrest Gump,1994-06-23,"['War & Political', 'Romance', 'Drama', 'Comedy']",677387716.0,1994,37.0,1956-07-09,Portuguese Americans,Forrest Gump,/m/0bxtg
73,21111,Q42869,English,United States of America,Italian Americans,Nicolas Cage,21111.0,,/m/0f4vx,110.0,"['Russian', 'English']","['United States of America', 'France', 'United Kingdom']","['Tragedy', 'Erotica', 'World cinema', 'Addiction Drama', 'Drama', 'Film adaptation', 'Romantic drama', 'Romance Film', 'Indie']",,[],[],,,1,4,54160.0,Leaving Las Vegas,1995-09-15,"['Drama', 'Experimental & Art', 'Romance', 'Other']",32029928.0,1995,31.0,1964-01-07,German Americans,Ben Sanderson,/m/01vvb4m
74,171515,Q166272,,Australia,,Geoffrey Rush,171515.0,,/m/011yl_,105.0,['English'],"['United States of America', 'Australia', 'New Zealand']","['Biography', 'World cinema', 'Musical', 'Drama', 'Music', 'Biographical film', 'Romance Film']",,[],[],,,1,7,142443.0,Shine,1996-01-21,"['Other', 'Documentary', 'Music & Dance', 'Romance', 'Drama']",35892330.0,1996,44.0,1951-07-06,,David Helfgott,/m/0170pk
75,46344,Q23301,Italian,Italy,,Roberto Benigni,46344.0,,/m/011yrp,114.0,"['Italian', 'German', 'English']",['Italy'],"['Romance Film', 'Drama', 'Comedy film', 'War film']",,[],[],,,,,142463.0,Life Is Beautiful,1997-12-20,"['War & Political', 'Drama', 'Comedy', 'Romance']",229163264.0,1997,45.0,1952-10-27,Italians,Guido Orefice,/m/01tt43d
76,16768,Q25144,English,United States of America,,Kevin Spacey,16768.0,,/m/0c0zq,100.0,['English'],['United States of America'],"['LGBT', 'Existentialism', 'Satire', 'Drama', 'Comedy', 'Romantic drama', 'Black comedy', 'Romance Film']",,[],[],,,5,8,44122.0,American Beauty,1999-09-08,"['Experimental & Art', 'Other', 'Romance', 'Comedy', 'Drama']",356296601.0,1999,40.0,1959-07-26,,Lester Burnham,/m/048lv
77,25695,Q129817,English,New Zealand,New Zealanders,Russell Crowe,25695.0,,/m/09q5w2,155.0,['English'],"['United States of America', 'United Kingdom']","['Tragedy', 'Adventure', 'Costume drama', 'Epic', 'Drama', 'War film', 'Action', 'Movies About Gladiators', 'Historical drama']",,[],[],,,5,12,3616797.0,Gladiator,2000-05-01,"['War & Political', 'Action & Adventure', 'Drama', 'Historical & Period']",457640427.0,2000,36.0,1964-04-07,Māori,Maximus Decimus Meridius,/m/06dv3
78,100692,Q42101,English,United States of America,African Americans,Denzel Washington,100692.0,,/m/01718w,122.0,"['Russian', 'English', 'Standard Mandarin', 'Spanish']","['United States of America', 'Australia']","['Crime Fiction', 'Crime Thriller', 'Drama', 'Adventure', 'Thriller']",,[],[],,,1,2.0,171623.0,Training Day,2001-09-02,"['Thriller & Mystery', 'Action & Adventure', 'Drama']",104876233.0,2001,46.0,1954-12-28,African Americans,Alonzo,/m/0pmhf
79,200750,Q104514,English,United States of America,,Adrien Brody,200750.0,,/m/064lsn,142.0,"['Russian', 'German', 'English']","['France', 'Poland', 'United Kingdom', 'Germany']","['History', 'Biographical film', 'Drama', 'War film']",,[],[],,,3,7,1897341.0,The Pianist,2002-05-24,"['War & Political', 'Drama', 'Historical & Period']",120072577.0,2002,29.0,1973-04-14,Hungarian Americans,Wladyslaw Szpilman,/m/01cj6y
80,113746,Q44221,English,United States of America,,Sean Penn,113746.0,,/m/02c638,138.0,['English'],"['United States of America', 'Australia']","['Thriller', 'Crime Fiction', 'Tragedy', 'Psychological thriller', 'Mystery', 'Drama', 'Film adaptation', 'Crime Thriller']",,[],[],,,2,6,460052.0,Mystic River,2003-05-23,"['Thriller & Mystery', 'Drama', 'Other']",156822020.0,2003,42.0,1960-08-17,Jewish people,Jimmy Markum,/m/0sz28
81,113746,Q44221,English,United States of America,,Sean Penn,113746.0,,/m/03hkch7,128.0,['English'],['United States of America'],"['LGBT', 'Tragedy', 'Biography', 'Indie', 'History', 'Period piece', 'Drama', 'Biographical film', 'Political drama']",,[],[],,,2,8,15161999.0,Milk,2008-10-28,"['Experimental & Art', 'Other', 'Drama', 'Documentary', 'Historical & Period']",54501383.0,2008,48.0,1960-08-17,Jewish people,,/m/0sz28
82,325191,Q171905,English,United States of America,African Americans,Jamie Foxx,325191.0,,/m/03xf_m,178.0,['English'],['United States of America'],"['Musical', 'Biography', 'Drama', 'Musical Drama', 'Biopic [feature]']",,[],[],,,2,6,993226.0,Ray,2004-09-12,"['Drama', 'Documentary', 'Music & Dance']",124731534.0,2004,36.0,1967-12-13,African Americans,Ray Charles,/m/01wmxfs
83,564099,Q180560,English,United States of America,,Philip Seymour Hoffman,564099.0,,/m/092vkg,98.0,['English'],"['United States of America', 'Canada']","['Crime Fiction', 'Biography', 'Crime Drama', 'Period piece', 'Drama', 'Biopic [feature]']",,[],[],,,1,5,3276167.0,Capote,2005-09-30,"['Documentary', 'Drama', 'Historical & Period']",49233161.0,2005,38.0,1967-07-23,Irish Americans,Truman Capote,/m/02qgqt
84,634431,Q182763,English,United States of America,,Forest Whitaker,634431.0,,/m/07l450,121.0,"['French', 'Swahili', 'English', 'German']","['United Kingdom', 'Germany']","['Thriller', 'Docudrama', 'Period piece', 'Drama', 'War film', 'Biographical film', 'Political drama', 'Historical drama']",,[],[],,,1,1,2528212.0,The Last King of Scotland,2006-09-01,"['Documentary', 'Thriller & Mystery', 'War & Political', 'Drama', 'Historical & Period']",48362207.0,2006,45.0,1961-07-15,Akan people,Idi Amin Dada,/m/02y_2y
85,56439,Q174843,English,United States of America,,Jeff Bridges,56439.0,,/m/08nhfc1,112.0,"['English', 'Spanish']",['United States of America'],"['Music', 'Romance Film', 'Drama', 'Romantic drama']",,[],[],,,2,3,24987301.0,Crazy Heart,2009-12-06,"['Drama', 'Music & Dance', 'Romance']",47405566.0,2009,60.0,1949-12-04,,Bad Blake,/m/0flw6
86,170409,Q162492,British English,United Kingdom,,Colin Firth,170409.0,,/m/09gq0x5,119.0,['English'],"['Australia', 'United Kingdom']","['Biography', 'History', 'Historical fiction', 'Period piece', 'Drama', 'Biographical film', 'Historical drama']",,[],[],,,4,12,25080984.0,The King's Speech,2010-11-26,"['Drama', 'Documentary', 'Historical & Period']",,2010,50.0,1960-09-10,British,King George VI,/m/03f1zdw
87,16272829,Q189422,French,France,,Jean Dujardin,16272829.0,,/m/0gmcwlb,100.0,['English'],"['France', 'Belgium', 'United States of America']","['Romance Film', 'Drama', 'Comedy film']",,[],[],,,5,10,31701975.0,The Artist,2011-05-15,"['Drama', 'Comedy', 'Romance']",133432856.0,2011,38.0,1972-06-19,,George Valentin,/m/03wfnsp
88,45794,Q182462,,United States of America,,Janet Gaynor,,45794.0,/m/0gkn7,118.0,"['Silent film', 'English']",['United States of America'],"['Silent film', 'Indie', 'Black-and-white', 'Drama', 'War film', 'Romantic drama', 'Romance Film']",,[],[],,,,,61049.0,Seventh Heaven,1927-01-01,"['Experimental & Art', 'Other', 'War & Political', 'Romance', 'Drama']",1750000.0,1927,20.0,1906-10-06,,,/m/0cf3c
89,45794,Q182462,,United States of America,,Janet Gaynor,,45794.0,/m/0173lb,102.0,"['Silent film', 'English']",['United States of America'],"['Silent film', 'Indie', 'Black-and-white', 'Drama', 'Romantic drama', 'Romance Film']",,[],[],,,,,171990.0,Street Angel,1928-04-09,"['Drama', 'Experimental & Art', 'Romance', 'Other']",1700000.0,1928,21.0,1906-10-06,,,/m/0cf3c
90,45794,Q182462,,United States of America,,Janet Gaynor,,45794.0,/m/0grk0,173.0,"['Silent film', 'English']",['United States of America'],"['Crime Fiction', 'Silent film', 'Indie', 'Black-and-white', 'Drama', 'Romantic drama', 'Romance Film']",,[],[],,,,,61904.0,Sunrise: A Song of Two Humans,1927-01-01,"['Romance', 'Drama', 'Experimental & Art', 'Other']",,1927,20.0,1906-10-06,,,/m/0cf3c
91,18823,Q104109,English,Canada,,Mary Pickford,,18823.0,/m/0173nz,76.0,['English'],['United States of America'],"['Drama', 'Black-and-white']",,[],[],,,1,1,172008.0,Coquette,1929-01-01,"['Drama', 'Other']",,1929,,1892-04-08,,Norma Besant,/m/04rfq
92,61354,Q95019,English,United States of America,,Norma Shearer,,61354.0,/m/0glww,84.0,['English'],['United States of America'],"['Pre-Code', 'Black-and-white', 'Drama', 'Film adaptation', 'Romantic drama', 'Romance Film']",,[],[],,,1,4,61191.0,The Divorcee,1930-04-19,"['Drama', 'Romance', 'Other']",,1930,27.0,1902-08-10,Canadian Americans,,/m/0gmv3
93,177739,Q253282,,United States of America,,Marie Dressler,,177739.0,/m/0183x1,66.0,['English'],['United States of America'],"['Melodrama', 'Drama', 'Black-and-white']",,[],[],,,1,1,177741.0,Min and Bill,1930-01-01,"['Drama', 'Other']",2000000.0,1930,,1868-11-09,,,/m/0183w9
94,177771,Q213302,,United States of America,,Helen Hayes,,177771.0,/m/01842j,75.0,['English'],['United States of America'],"['Melodrama', 'Drama', 'Black-and-white']",,[],[],,,1,1,177776.0,The Sin of Madelon Claudet,1931-10-24,"['Drama', 'Other']",,1931,31.0,1900-10-10,,,/m/018417
95,43337,Q56016,English,United States of America,,Katharine Hepburn,,43337.0,/m/018448,74.0,['English'],['United States of America'],"['Drama', 'Black-and-white']",,[],[],,,,,177783.0,Morning Glory,1933-08-18,"['Drama', 'Other']",582000.0,1933,26.0,1907-05-12,,Eva Lovelace,/m/0bw87
96,43337,Q56016,English,United States of America,,Katharine Hepburn,,43337.0,/m/0j90s,108.0,['English'],['United States of America'],"['Comedy of manners', 'Family Drama', 'Comedy-drama', 'Drama', 'Romantic drama', 'Romance Film']",,[],[],,,2,10,70647.0,Guess Who's Coming to Dinner,1967-12-11,"['Romance', 'Drama', 'Comedy']",56666667.0,1967,60.0,1907-05-12,,Christina Drayton,/m/0bw87
97,43337,Q56016,English,United States of America,,Katharine Hepburn,,43337.0,/m/026gyn_,135.0,['English'],['United Kingdom'],"['LGBT', 'Biography', 'Costume drama', 'Epic', 'Period piece', 'Drama', 'Film adaptation', 'Political drama', 'Historical drama']",,[],[],,,3,7,7870124.0,The Lion in Winter,1968-10-30,"['Drama', 'Documentary', 'Historical & Period', 'Other']",22276975.0,1968,61.0,1907-05-12,,Eleanor of Aquitaine,/m/0bw87
98,43337,Q56016,English,United States of America,,Katharine Hepburn,,43337.0,/m/03hj3b3,90.0,['English'],"['United States of America', 'United Kingdom']","['Romance Film', 'Drama']",,[],[],,,3,10,15119799.0,On Golden Pond,1981-12-04,"['Drama', 'Romance']",119285432.0,1981,74.0,1907-05-12,,Ethel Thayer,/m/0bw87
99,61350,Q203819,,United States of America,,Claudette Colbert,,61350.0,/m/0c5dd,65.0,['English'],['United States of America'],"['Romantic comedy', 'Road movie', 'Screwball comedy', 'Black-and-white', 'Pre-Code', 'Comedy', 'Romance Film']",,[],[],,,5,5,44696.0,It Happened One Night,1934-02-22,"['Romance', 'Action & Adventure', 'Comedy', 'Other']",2500000.0,1934,30.0,1903-09-13,,Ellie Andrews,/m/0gmtm
100,63517,Q71206,,United States of America,,Bette Davis,,63517.0,/m/01848d,79.0,['English'],['United States of America'],"['Drama', 'Black-and-white']",,[],[],,,1,1,177824.0,Dangerous,1935-12-25,"['Drama', 'Other']",,1935,27.0,1908-04-05,,Joyce Heath,/m/0h1m9
101,63517,Q71206,,United States of America,,Bette Davis,,63517.0,/m/04zb1_,104.0,"['French', 'English']",['United States of America'],"['Romance Film', 'Drama', 'Black-and-white']",,[],[],,,2,5,1396988.0,Jezebel,1938-01-01,"['Drama', 'Romance', 'Other']",,1938,29.0,1908-04-05,,Julie Morrison,/m/0h1m9
102,180908,Q18994,,Germany,,Luise Rainer,,180908.0,/m/0c3hq,186.0,['English'],['United States of America'],"['Biography', 'Backstage Musical', 'Musical', 'Black-and-white', 'Period piece', 'Drama', 'Biopic [feature]', 'Biographical film', 'Musical Drama']",,[],[],,,3,7,44437.0,The Great Ziegfeld,1936-04-08,"['Other', 'Documentary', 'Music & Dance', 'Drama', 'Historical & Period']",,1936,26.0,1910-01-12,Jewish people,Anna Held,/m/018q81
103,180908,Q18994,,Germany,,Luise Rainer,,180908.0,/m/0gcmm,138.0,['English'],['United States of America'],"['Period piece', 'Drama', 'Black-and-white', 'Film adaptation']",,[],[],,,2,5,60157.0,The Good Earth,1937-01-29,"['Drama', 'Other', 'Historical & Period']",,1937,27.0,1910-01-12,Jewish people,O-Lan,/m/018q81
104,32788,Q129429,English,United Kingdom,,Vivien Leigh,,32788.0,/m/083skw,234.0,['English'],['United States of America'],"['Film adaptation', 'Costume drama', 'Roadshow theatrical release', 'Epic', 'Period piece', 'Drama', 'War film', 'Romantic drama', 'Romance Film']",,[],[],,,8 (2),13,2804704.0,Gone with the Wind,1939-12-15,"['Other', 'War & Political', 'Romance', 'Drama', 'Historical & Period']",400000000.0,1939,26.0,1913-11-05,,Scarlett O'Hara,/m/0812r
105,32788,Q129429,English,United Kingdom,,Vivien Leigh,,32788.0,/m/097zcz,127.0,"['English', 'Spanish']",['United States of America'],"['Drama', 'Black-and-white', 'Film adaptation']",,[],[],,,4,12,3367826.0,A Streetcar Named Desire,1951-12-01,"['Drama', 'Other']",8000000.0,1951,38.0,1913-11-05,,Blanche DuBois,/m/0812r
106,64612,Q95089,,United States of America,,Ginger Rogers,,64612.0,/m/02qsqb2,108.0,['English'],['United States of America'],"['Romantic drama', 'Romance Film', 'Drama', 'Black-and-white']",,[],[],,,,,10873860.0,Kitty Foyle: The Natural History of a Woman,1940-12-27,"['Drama', 'Romance', 'Other']",2385000.0,1940,29.0,1911-07-16,,Kitty Foyle,/m/0h7dd
107,180982,Q95076,English,United Kingdom,,Joan Fontaine,,180982.0,/m/0jz89,99.0,['English'],['United States of America'],"['Thriller', 'Mystery', 'Romance Film', 'Film noir']",,[],[],,,1,3,74984.0,Suspicion,1941-11-14,"['Thriller & Mystery', 'Romance']",4500000.0,1941,24.0,1917-10-22,British Americans,Lina McLaidlaw,/m/018qms
108,63534,Q182486,,United Kingdom,,Greer Garson,,63534.0,/m/0cq8nx,134.0,['English'],"['United States of America', 'United Kingdom']","['Propaganda film', 'Family Drama', 'Drama', 'Black-and-white', 'War film']",,[],[],,,6,12,4836948.0,Mrs. Miniver,1942-06-04,"['War & Political', 'Drama', 'Other']",8878000.0,1942,37.0,1904-09-29,Scottish Americans,Kay Miniver,/m/0h1s0
109,67375,Q189895,English,United States of America,,Jennifer Jones,,67375.0,/m/0kbf1,156.0,"['French', 'English']",['United States of America'],"['Christian film', 'Biography', 'Roadshow theatrical release', 'Hagiography', 'Period piece', 'Drama', 'Black-and-white']",,[],[],,,4,12,77672.0,The Song of Bernadette,1943-12-21,"['Other', 'Documentary', 'Religious & Spiritual', 'Drama', 'Historical & Period']",,1943,24.0,1919-03-02,,Bernadette Soubirous,/m/0hqdr
110,41562,Q43247,,Sweden,,Ingrid Bergman,,41562.0,/m/070fnm,114.0,['English'],['United States of America'],"['Thriller', 'Costume drama', 'Psychological thriller', 'Black-and-white', 'Mystery', 'Suspense', 'Film noir']",,[],[],,,2,7,2279601.0,Gaslight,1944-01-01,"['Thriller & Mystery', 'Other', 'Historical & Period']",4613000.0,1944,28.0,1915-08-29,Swedish Americans,Paula Alquist,/m/0bdt8
111,41562,Q43247,,Sweden,,Ingrid Bergman,,41562.0,/m/01b15b,105.0,"['French', 'English']",['United States of America'],"['Romantic drama', 'Period piece', 'Drama', 'Epic', 'Romance Film']",,[],[],,,1,2,190405.0,Anastasia,1956-12-13,"['Drama', 'Romance', 'Historical & Period']",,1956,41.0,1915-08-29,Swedish Americans,Anastasia,/m/0bdt8
112,41562,Q43247,,Sweden,,Ingrid Bergman,,41562.0,/m/01b15b,105.0,"['French', 'English']",['United States of America'],"['Romantic drama', 'Period piece', 'Drama', 'Epic', 'Romance Film']",,[],[],,,1,2,190405.0,Anastasia,1956-12-13,"['Drama', 'Romance', 'Historical & Period']",,1956,41.0,1915-08-29,Swedish Americans,Anna Koreff,/m/0bdt8
113,45969,Q40475,,United States of America,,Joan Crawford,,45969.0,/m/0cy__l,111.0,['English'],['United States of America'],"['Melodrama', 'Crime Drama', 'Family Drama', 'Mystery', 'Drama', 'Romance Film', 'Film noir']",,[],[],,,1,6,4995581.0,Mildred Pierce,1945-09-24,"['Thriller & Mystery', 'Drama', 'Romance']",,1945,40.0,1905-03-23,,Mildred Pierce,/m/0cgbf
114,88833,Q95068,,United Kingdom,,Olivia de Havilland,,88833.0,/m/01930n,122.0,['English'],['United States of America'],"['Drama', 'Black-and-white', 'War film']",,[],[],,,1,2.0,183741.0,To Each His Own,1946-03-12,"['War & Political', 'Drama', 'Other']",,1946,29.0,1916-07-01,British Americans,Jody Norris,/m/0m6x4
115,88833,Q95068,,United Kingdom,,Olivia de Havilland,,88833.0,/m/0jsqk,116.0,"['French', 'English']",['United States of America'],"['Black-and-white', 'Period piece', 'Drama', 'Film adaptation', 'Romantic drama', 'Romance Film']",,[],[],,,4,8,73970.0,The Heiress,1949-10-06,"['Drama', 'Historical & Period', 'Romance', 'Other']",2300000.0,1949,33.0,1916-07-01,British Americans,Catherine Sloper,/m/0m6x4
116,183759,Q253384,,United States of America,,Loretta Young,,183759.0,/m/019373,97.0,['English'],['United States of America'],"['Parody', 'Romantic comedy', 'Black-and-white', 'Comedy', 'Political cinema', 'Romance Film']",,[],[],,,1,2,183768.0,The Farmer's Daughter,1947-03-25,"['War & Political', 'Romance', 'Comedy', 'Other']",,1947,34.0,1913-01-06,,Katrin Holstrom,/m/01934k
117,183753,Q95055,English,United States of America,,Jane Wyman,,183753.0,/m/0kv00,102.0,"['English', 'American']",['United States of America'],['Drama'],,[],[],,,1,12,80533.0,Johnny Belinda,1948-01-01,['Drama'],,1948,30.0,1917-01-05,,,/m/01933d
118,187074,Q253298,,United States of America,,Judy Holliday,,187074.0,/m/06jq_7,102.0,['English'],['United States of America'],"['Romantic comedy', 'Romance Film', 'Satire', 'Comedy']",,[],[],,,1,5,2066293.0,Born Yesterday,1950-12-26,"['Romance', 'Comedy']",4150000.0,1950,29.0,1921-06-21,Jewish people,Billie Dawn,/m/01q8jr5
119,187098,Q253308,,United States of America,,Shirley Booth,,187098.0,/m/019l7j,99.0,['English'],['United States of America'],"['Romantic drama', 'Romance Film', 'Drama']",,[],[],,,1,3,187100.0,"Come Back, Little Sheba",1952-12-24,"['Drama', 'Romance']",3500000.0,1952,,1898-08-30,,Lola Delaney,/m/019l73
120,52139,Q42786,Dutch,United Kingdom,,Audrey Hepburn,,52139.0,/m/0k419,117.0,"['Italian', 'German', 'English']","['United States of America', 'Italy']","['Romantic comedy', 'Romance Film', 'Drama', 'Comedy']",,[],[],,,3,10,76310.0,Roman Holiday,1953-08-27,"['Romance', 'Drama', 'Comedy']",12000000.0,1953,24.0,1929-05-04,Irish people,Princess Anne,/m/0dqcm
121,42620,Q3925,American English,United States of America,,Grace Kelly,,42620.0,/m/0h3k3f,104.0,['English'],['United States of America'],"['Musical', 'Drama']",,[],[],,,2,7,7087167.0,The Country Girl,1954-12-11,"['Drama', 'Music & Dance']",6900000.0,1954,25.0,1929-11-12,,Georgie Elgin,/m/0bq1z
122,190388,Q56011,,Italy,,Anna Magnani,,190388.0,/m/047p0jt,117.0,"['Italian', 'English']",['United States of America'],"['Romantic drama', 'Family Drama', 'Drama', 'Black-and-white', 'Melodrama']",,[],[],,,3,8,18023344.0,The Rose Tattoo,1955-12-12,"['Drama', 'Romance', 'Other']",4200000.0,1955,47.0,1908-03-07,,,/m/01b11y
123,193843,Q1111542,English,United States of America,,Joanne Woodward,,193843.0,/m/01bj7c,91.0,['English'],['United States of America'],"['Drama', 'Medical fiction']",,[],[],,,1,1,193845.0,The Three Faces of Eve,1957-09-23,['Drama'],1400000.0,1957,27.0,1930-02-27,,Eve White,/m/01bj6y
124,183785,Q248837,English,United States of America,,Susan Hayward,,183785.0,/m/01bj93,120.0,['English'],['United States of America'],"['Crime Fiction', 'Crime Drama', 'Black-and-white', 'Drama', 'Biopic [feature]', 'Prison', 'Film noir', 'Courtroom Drama']",,[],[],,,1,6,193854.0,I Want to Live!,1958-11-18,"['Thriller & Mystery', 'Drama', 'Other']",5641711.0,1958,41.0,1917-06-30,Swedish Americans,Barbara Graham,/m/01938t
125,62032,Q106126,French,France,,Simone Signoret,,62032.0,/m/0n05g,118.0,['English'],['United Kingdom'],"['Kitchen sink realism', 'Melodrama', 'Drama', 'British New Wave', 'Black-and-white']",,[],[],,,2,6,92688.0,Room at the Top,1959-03-30,"['Drama', 'Other']",,1959,38.0,1921-03-25,Jewish people,Alice Aisgill,/m/0gsj2
126,42357,Q34851,,United Kingdom,,Elizabeth Taylor,,42357.0,/m/01bjcb,109.0,['English'],['United States of America'],"['Romantic drama', 'Melodrama', 'Drama']",,[],[],,,1,2,193867.0,BUtterfield 8,1960-11-04,"['Drama', 'Romance']",7552000.0,1960,28.0,1932-02-27,Scotch-Irish Americans,Gloria Wandrous,/m/0bmh4
127,42357,Q34851,,United Kingdom,,Elizabeth Taylor,,42357.0,/m/0286gm1,131.0,"['Latin', 'English', 'Spanish']",['United States of America'],"['Black comedy', 'Marriage Drama', 'Drama', 'Film adaptation']",,[],[],,,5,13.0,9377241.0,Who's Afraid of Virginia Woolf?,1966-06-22,"['Drama', 'Comedy', 'Other']",40000000.0,1966,34.0,1932-02-27,Scotch-Irish Americans,Martha,/m/0bmh4
128,44463,Q43252,,Italy,,Sophia Loren,,44463.0,/m/01bjj6,99.0,"['Italian', 'German']","['France', 'Italy']","['Romance Film', 'Drama', 'World cinema', 'Black-and-white']",,[],[],,,,,193882.0,Two Women,1960-12-22,"['Drama', 'Romance', 'Other']",,1960,26.0,1934-09-20,Italians,Cesira,/m/01qq_lp
129,206724,Q183532,,United States of America,Italian Americans,Anne Bancroft,,206724.0,/m/02r7rth,106.0,['English'],['United States of America'],"['Biography', 'Costume drama', 'Black-and-white', 'Drama', 'Film adaptation', 'Biographical film']",,[],[],,,2,5,11324389.0,The Miracle Worker,1962-05-23,"['Drama', 'Documentary', 'Other', 'Historical & Period']",,1962,30.0,1931-09-17,Italian Americans,Annie Sullivan,/m/01dbk6
130,210214,Q191027,English,United States of America,,Patricia Neal,,210214.0,/m/015gm8,112.0,['English'],['United States of America'],"['Action/Adventure', 'Western', 'Drama', 'Film adaptation']",,[],[],,,3,7,161880.0,Hud,1963-01-01,"['Action & Adventure', 'Drama', 'Other']",,1963,36.0,1926-01-20,,Alma,/m/01dvms
131,78239,Q161819,British English,United Kingdom,,Julie Andrews,,78239.0,/m/0kcn7,139.0,['English'],['United States of America'],"[""Children's/Family"", 'Musical', 'Fantasy', 'Comedy', 'Drama', 'Family Film', ""Children's Fantasy""]",,[],[],,,5,13,77856.0,Mary Poppins,1964-08-27,"['Music & Dance', 'Comedy', 'Animated & Family', 'Fantasy & Sci-Fi', 'Drama']",102272727.0,1964,28.0,1935-10-01,English people,Mary Poppins,/m/0kftt
132,163347,Q181413,,United Kingdom,,Julie Christie,,163347.0,/m/0p4xl,127.0,['English'],['United Kingdom'],"['Romantic drama', 'Romance Film', 'Drama']",,[],[],,,3,5,97740.0,Darling,1965-08-03,"['Drama', 'Romance']",,1965,24.0,1941-04-14,British,Diana Scott,/m/015q43
133,72336,Q4636,English,United States of America,,Barbra Streisand,,72336.0,/m/02vnmc9,165.0,['English'],['United States of America'],"['Romance Film', 'Biography', 'Drama', 'Musical', 'Comedy']",,[],[],,,1,8,12064241.0,Funny Girl,1968-09-18,"['Documentary', 'Music & Dance', 'Comedy', 'Romance', 'Drama']",58500000.0,1968,26.0,1942-04-24,American Jews,Fanny Brice,/m/03f2_rc
134,82765,Q172653,British English,United Kingdom,,Maggie Smith,,82765.0,/m/05sy5dr,116.0,['English'],['United Kingdom'],"['Drama', 'Period piece', 'Coming of age', 'Film adaptation']",,[],[],,,1,2,22332882.0,The Prime of Miss Jean Brodie,1969-01-01,"['Drama', 'Other', 'Historical & Period']",,1969,34.0,1934-12-28,English people,,/m/0l6px
135,163012,Q182408,English,United Kingdom,,Glenda Jackson,,163012.0,/m/01fx4k,131.0,['English'],['United Kingdom'],"['Romance Film', 'Erotic Drama', 'Drama', 'Period piece']",,[],[],,,1,4.0,217800.0,Women in Love,1969-09-01,"['Drama', 'Romance', 'Historical & Period']",,1969,,1936-05-09,White British,Gudrun Brangwen,/m/015nhn
136,163012,Q182408,English,United Kingdom,,Glenda Jackson,,163012.0,/m/0ptx5,106.0,"['English', 'Spanish']",['United Kingdom'],"['Romantic comedy', 'Romance Film', 'Comedy']",,[],[],,,1,5,101907.0,A Touch of Class,1973-06-20,"['Romance', 'Comedy']",16800000.0,1973,37.0,1936-05-09,White British,,/m/015nhn
137,63520,Q41142,English,United States of America,,Jane Fonda,,63520.0,/m/01gm5j,114.0,['English'],['United States of America'],"['Thriller', 'Detective fiction', 'Detective', 'Mystery', 'Drama', 'Crime Thriller', 'New Hollywood']",,[],[],,,1,2,223902.0,Klute,1971-01-01,"['Thriller & Mystery', 'Drama', 'Experimental & Art']",12512637.0,1971,33.0,1937-12-21,Germans,Bree Daniels,/m/0h1mt
138,63520,Q41142,English,United States of America,,Jane Fonda,,63520.0,/m/0p_qr,126.0,['English'],['United States of America'],"['Drama', 'War film', 'Romantic drama', 'Romance Film', 'Political drama', 'New Hollywood']",,[],[],,,3,8,103011.0,Coming Home,1978-02-15,"['War & Political', 'Drama', 'Romance', 'Experimental & Art']",32653905.0,1978,40.0,1937-12-21,Germans,Sally Hyde,/m/0h1mt
139,59216,Q14441,American English,United States of America,,Liza Minnelli,,59216.0,/m/01jc6q,119.0,"['French', 'Hebrew', 'English', 'German']",['United States of America'],"['LGBT', 'Musical', 'Drama', 'New Hollywood', 'Film adaptation']",,[],[],,,8,10,236691.0,Cabaret,1972-02-13,"['Drama', 'Music & Dance', 'Experimental & Art', 'Other']",42765000.0,1972,25.0,1946-03-12,,Sally Bowles,/m/0g476
140,186041,Q211144,English,United States of America,,Ellen Burstyn,,186041.0,/m/01gvts,112.0,['English'],['United States of America'],"['Romantic drama', 'Romance Film', 'Feminist Film', 'Drama']",,[],[],,,1,3,225481.0,Alice Doesn't Live Here Anymore,1974-12-09,"['Drama', 'Religious & Spiritual', 'Romance']",18600000.0,1974,42.0,1932-12-07,Irish Americans,Alice Hyatt,/m/019f2f
141,225497,Q182372,English,United States of America,,Louise Fletcher,,225497.0,/m/07xtqq,129.0,['English'],['United States of America'],"['Tragedy', 'Indie', 'Existentialism', 'Comedy-drama', 'Drama', 'Comedy', 'Film adaptation', 'Tragicomedy']",,[],[],,,5,9,21913863.0,One Flew Over the Cuckoo's Nest,1975-11-19,"['Drama', 'Other', 'Comedy', 'Experimental & Art']",108981275.0,1975,41.0,1934-07-22,,Nurse Ratched,/m/01gvyp
142,68322,Q168721,English,United States of America,,Faye Dunaway,,68322.0,/m/04j13sx,121.0,['English'],['United States of America'],"['Parody', 'Black comedy', 'Satire', 'Drama', 'New Hollywood']",,[],[],,,4,10,101935.0,Network,1976-11-14,"['Drama', 'Comedy', 'Experimental & Art']",,1976,35.0,1941-01-14,,Diana Christensen,/m/0hwbd
143,202664,Q102642,,United States of America,,Diane Keaton,,202664.0,/m/0hmr4,94.0,"['German', 'English']",['United States of America'],"['Romantic comedy', 'Comedy of manners', 'Drama', 'Comedy', 'Romance Film', 'New Hollywood']",,[],[],,,4,5,66870.0,Annie Hall,1977-04-20,"['Romance', 'Drama', 'Comedy', 'Experimental & Art']",38251425.0,1977,31.0,1946-01-05,Irish Americans,Annie Hall,/m/01csvq
144,240361,Q187033,English,United States of America,,Sally Field,,240361.0,/m/0p_vt,123.0,['English'],['United States of America'],"['Drama', 'Family Drama', 'Social problem film']",,[],[],,,2,4,103033.0,Norma Rae,1979-03-02,['Drama'],22228000.0,1979,32.0,1946-11-06,,Norma Rae,/m/01jw4r
145,240361,Q187033,English,United States of America,,Sally Field,,240361.0,/m/0sxjs,113.0,['English'],['United States of America'],"['Americana', 'Family Film', 'Family Drama', 'Drama', 'Period piece']",,[],[],,,2,7,113449.0,Places in the Heart,1984-09-21,"['Drama', 'Animated & Family', 'Historical & Period']",34901614.0,1984,37.0,1946-11-06,,Edna Spalding,/m/01jw4r
146,63523,Q190994,English,United States of America,,Sissy Spacek,,63523.0,/m/0qm9n,125.0,['English'],['United States of America'],"['Musical', 'Drama', 'Biographical film']",,[],[],,,1,7,106337.0,Coal Miner's Daughter,1980-03-07,"['Drama', 'Music & Dance']",67182787.0,1980,30.0,1949-12-25,Czech Americans,Loretta Lynn,/m/0h1nt
147,63390,Q873,English,United States of America,,Meryl Streep,,63390.0,/m/0bcp9b,150.0,"['French', 'Polish', 'Russian', 'German', 'English']","['United States of America', 'United Kingdom']","['Romantic drama', 'Romance Film', 'Drama', 'Period piece']",,[],[],,,1,5,4016437.0,Sophie's Choice,1982-12-08,"['Drama', 'Romance', 'Historical & Period']",30036000.0,1982,33.0,1949-06-22,,"Zofia ""Sophie"" Zawistowski",/m/0h0wc
148,63390,Q873,English,United States of America,,Meryl Streep,,63390.0,/m/0g9wdmc,104.0,['English'],"['France', 'United Kingdom']","['Biography', 'Drama']",,[],[],,,2,2,30548208.0,The Iron Lady,2011-12-26,"['Drama', 'Documentary']",114943631.0,2011,62.0,1949-06-22,,Margaret Thatcher,/m/0h0wc
149,147368,Q95026,English,United States of America,,Shirley MacLaine,,147368.0,/m/0sxfd,132.0,['English'],['United States of America'],"['Romantic comedy', 'Tragedy', 'Comedy film', 'Family Drama', 'Comedy-drama', 'Drama', 'Film adaptation', 'Romance Film', 'Tragicomedy', 'Family Film']",,[],[],,,5,11,113427.0,Terms of Endearment,1983-11-20,"['Other', 'Drama', 'Romance', 'Comedy', 'Animated & Family']",108423489.0,1983,49.0,1934-04-24,,Aurora Greenway,/m/01w1kyf
150,206714,Q228650,,United States of America,,Geraldine Page,,206714.0,/m/01k61l,108.0,['English'],['United States of America'],"['Road movie', 'Americana', 'Drama', 'Indie']",,[],[],,,1,2,242550.0,The Trip to Bountiful,1985-12-20,"['Action & Adventure', 'Drama', 'Experimental & Art', 'Historical & Period']",,1985,61.0,1924-11-22,,Mrs. Watts,/m/01dbhb
151,182870,Q213287,English,United States of America,,Marlee Matlin,,182870.0,/m/0sxnd,119.0,"['English', 'American']",['United States of America'],"['Romantic drama', 'Romance Film', 'Drama', 'Film adaptation']",,[],[],,,1,5,113463.0,Children of a Lesser God,1986-10-03,"['Drama', 'Romance', 'Other']",31853080.0,1986,21.0,1965-08-24,Jewish people,Sarah Norman,/m/018z_c
152,80696,Q12003,English,United States of America,,Cher,,80696.0,/m/0yxm1,102.0,['English'],['United States of America'],"['Romantic comedy', 'Romantic drama', 'Romance Film', 'Drama', 'Comedy']",,[],[],,,3,6,129331.0,Moonstruck,1987-01-01,"['Romance', 'Drama', 'Comedy']",156239800.0,1987,40.0,1946-05-20,Armenians,Loretta Castorini,/m/01vtj38
153,18717883,Q41351,English,United States of America,,Jodie Foster,,18717883.0,/m/032_br,110.0,['English'],"['United States of America', 'Canada']","['Crime Fiction', 'Drama', 'Courtroom Drama']",,[],[],,,1,1,689785.0,The Accused,1988-10-14,['Drama'],32078318.0,1988,25.0,1962-11-19,English Americans,Sarah Tobias,/m/0chw_
154,18717883,Q41351,English,United States of America,,Jodie Foster,,18717883.0,/m/07cyl,118.0,['English'],['United States of America'],"['Thriller', 'LGBT', 'Horror', 'Psychological thriller', 'Crime Fiction', 'Suspense', 'Drama', 'Crime Thriller']",,[],[],,,5,7,30006.0,The Silence of the Lambs,1991-02-14,"['Thriller & Mystery', 'Drama', 'Horror', 'Other']",272742922.0,1991,28.0,1962-11-19,English Americans,Clarice Starling,/m/0chw_
155,84047,Q182104,,United Kingdom,,Jessica Tandy,,84047.0,/m/0yyts,99.0,"['Hebrew', 'English']",['United States of America'],"['Buddy film', 'Comedy-drama', 'Period piece', 'Drama', 'Comedy', 'Film adaptation']",,[],[],,,4,9,129444.0,Driving Miss Daisy,1989-12-13,"['Drama', 'Other', 'Comedy', 'Historical & Period']",145793296.0,1989,80.0,1909-06-07,,Daisy Werthan,/m/0lfbm
156,519607,Q544465,English,United States of America,,Kathy Bates,,519607.0,/m/0h2xyn,104.0,['English'],['United States of America'],"['Thriller', 'Black comedy', 'Psychological thriller', 'Suspense', 'Film adaptation']",,[],[],,,1,1,7074043.0,Misery,1990-11-30,"['Thriller & Mystery', 'Comedy', 'Other']",61276872.0,1990,42.0,1948-06-28,,Annie Wilkes,/m/02kxwk
157,160985,Q168724,English,United Kingdom,,Emma Thompson,,160985.0,/m/0_9l_,136.0,"['German', 'English']","['Japan', 'United Kingdom']","['Japanese Movies', 'Costume drama', 'Period piece', 'Drama', 'Film adaptation', 'Romantic drama', 'Romance Film']",,[],[],,,3,9,133622.0,Howards End,1992-03-13,"['Drama', 'Historical & Period', 'Romance', 'Other']",25966555.0,1992,32.0,1959-04-15,British,Margaret Schlegel,/m/0159h6
158,18220755,Q105660,,United States of America,,Holly Hunter,,18220755.0,/m/0_b9f,114.0,"['M\\u0101ori', 'English']","['France', 'Australia', 'New Zealand']","['Romantic drama', 'Romance Film', 'Feminist Film', 'Drama', 'Period piece']",,[],[],,,3,8,133688.0,The Piano,1993-05-15,"['Drama', 'Religious & Spiritual', 'Romance', 'Historical & Period']",40157856.0,1993,35.0,1958-03-20,,Ada,/m/01kp66
159,67763,Q173585,,United States of America,,Jessica Lange,,67763.0,/m/03b24y,101.0,['English'],['United States of America'],"['Romantic drama', 'Period piece', 'Marriage Drama', 'Drama', 'Romance Film']",,[],[],,,1,1,770348.0,Blue Sky,1994-09-16,"['Drama', 'Romance', 'Historical & Period']",3359465.0,1994,45.0,1949-04-20,White Americans,Carly Marshall,/m/0hsn_
160,68323,Q133050,,United States of America,,Susan Sarandon,,68323.0,/m/0gjk1d,122.0,['English'],"['United States of America', 'United Kingdom']","['Crime Fiction', 'Drama']",,[],[],,,1,4,6707631.0,Dead Man Walking,1995-12-29,['Drama'],83088295.0,1995,49.0,1946-10-04,English Americans,Sister Helen Prejean,/m/01vwllw
161,275355,Q204299,English,United States of America,,Frances McDormand,,275355.0,/m/011yhm,97.0,['English'],"['United States of America', 'United Kingdom']","['Crime Fiction', 'Thriller', 'Indie', 'Drama', 'Comedy', 'Black comedy', 'Neo-noir']",,[],[],,,2,7,142430.0,Fargo,1996-03-08,"['Thriller & Mystery', 'Drama', 'Comedy', 'Experimental & Art']",60611975.0,1996,38.0,1957-06-23,,Marge Gunderson,/m/01p7yb
162,44569,Q170574,English,United States of America,,Helen Hunt,,44569.0,/m/011yn5,139.0,['English'],['United States of America'],"['Romantic comedy', 'LGBT', 'Slice of life story', 'Comedy-drama', 'Drama', 'Comedy', 'Romance Film']",,[],[],,,2,7,142447.0,As Good as It Gets,1997-12-19,"['Romance', 'Drama', 'Comedy', 'Other']",314178011.0,1997,34.0,1963-06-15,Jewish people,Carol Connelly,/m/0c4f4
163,42621,Q34460,,United States of America,,Gwyneth Paltrow,,42621.0,/m/0m313,137.0,['English'],"['United States of America', 'United Kingdom']","['Romantic comedy', 'Costume drama', 'Comedy-drama', 'Period piece', 'Drama', 'Comedy', 'Romantic drama', 'Romance Film']",,[],[],,,7,13,88075.0,Shakespeare in Love,1998-12-03,"['Romance', 'Drama', 'Comedy', 'Historical & Period']",289317794.0,1998,26.0,1972-09-27,Jewish people,Viola De Lesseps,/m/0bq2g
164,92289,Q93187,English,United States of America,,Hilary Swank,,92289.0,/m/02nczh,118.0,['English'],['United States of America'],"['Crime Fiction', 'Gay', 'Gay Interest', 'Drama', 'Docudrama', 'Gay Themed', 'Romance Film']",,[],[],,,1,2,543162.0,Boys Don't Cry,1999-09-02,"['Documentary', 'Drama', 'Romance', 'Other']",11533945.0,1999,25.0,1974-07-30,Spanish Americans,Brandon Teena,/m/0mz73
165,92289,Q93187,English,United States of America,,Hilary Swank,,92289.0,/m/04q827,133.0,"['Irish', 'English']",['United States of America'],"['Sports', 'Tragedy', 'Drama', 'Boxing']",,[],[],,,4,7,1287385.0,Million Dollar Baby,2004-12-15,"['Drama', 'Sports']",216763646.0,2004,30.0,1974-07-30,Spanish Americans,Maggie Fitzgerald,/m/0mz73
166,16553,Q40523,English,United States of America,,Julia Roberts,,16553.0,/m/04lhc4,130.0,['English'],['United States of America'],"['Comedy-drama', 'Docudrama', 'Drama', 'Legal drama', 'Romance Film', 'Feminist Film', 'Biographical film', 'Courtroom Drama']",,[],[],,,1,5,1241914.0,Erin Brockovich,2000-03-14,"['Documentary', 'Religious & Spiritual', 'Romance', 'Comedy', 'Drama']",256271286.0,2000,32.0,1967-10-28,English Americans,Erin Brockovich,/m/046zh
167,13717,Q1033016,English,United States of America,African Americans,Halle Berry,,13717.0,/m/0344gc,112.0,['English'],['United States of America'],"['Romantic drama', 'Romance Film', 'Melodrama', 'Drama', 'Indie']",,[],[],,,1,2,703687.0,Monster's Ball,2001-11-11,"['Drama', 'Romance', 'Experimental & Art']",44909486.0,2001,35.0,1966-08-14,White people,Leticia Musgrove,/m/03knl
168,21504,Q37459,English,United States of America,,Nicole Kidman,,21504.0,/m/095zlp,110.0,['English'],"['United States of America', 'United Kingdom']","['LGBT', 'Costume drama', 'Film adaptation', 'Period piece', 'Drama', 'Gay Themed', 'Feminist Film']",,[],[],,,1,9,3326435.0,The Hours,2002-12-27,"['Other', 'Religious & Spiritual', 'Romance', 'Drama', 'Historical & Period']",108846072.0,2002,35.0,1967-06-20,Irish people,Virginia Woolf,/m/05dbf
169,5132,Q80046,Afrikaans,United States of America,,Charlize Theron,,5132.0,/m/0294mx,109.0,['English'],"['United States of America', 'Germany']","['LGBT', 'Crime Fiction', 'Biography', 'Indie', 'Period piece', 'Drama', 'Biographical film']",,[],[],,,1,1,443556.0,Monster,2003-11-16,"['Experimental & Art', 'Other', 'Drama', 'Documentary', 'Historical & Period']",60378584.0,2003,28.0,1975-08-07,White Africans of European ancestry,Aileen Wuornos,/m/01l9p
170,93560,Q44063,American English,United States of America,,Reese Witherspoon,,93560.0,/m/05jzt3,135.0,"['Russian', 'English']","['United States of America', 'Germany']","['Biography', 'Period piece', 'Musical', 'Drama', 'Biopic [feature]', 'Romantic drama', 'Romance Film', 'Musical Drama']",,[],[],,,1,5.0,1641890.0,Walk the Line,2005-09-04,"['Documentary', 'Music & Dance', 'Romance', 'Drama', 'Historical & Period']",186438883.0,2005,29.0,1976-03-22,Scottish Americans,June Carter,/m/0n6f8
171,230698,Q349391,English,United Kingdom,,Helen Mirren,,230698.0,/m/0g9lm2,103.0,['English'],"['France', 'Italy', 'United Kingdom']","['Biographical film', 'Biography', 'Drama', 'Political drama']",,[],[],,,1,6,6542034.0,The Queen,2006-01-01,"['Documentary', 'Drama']",,2006,60.0,1945-07-26,English people,Queen Elizabeth II,/m/01hkhq
172,2539269,Q8927,French,France,,Marion Cotillard,,2539269.0,/m/02q6gfp,128.0,"['French', 'English']","['France', 'Czech Republic', 'United Kingdom']","['Musical', 'Biography', 'Drama', 'Biographical film', 'World cinema']",,[],[],,,,,10249080.0,La Vie En Rose,2007-02-08,"['Drama', 'Documentary', 'Music & Dance', 'Other']",86274793.0,2007,31.0,1975-09-30,French,Edith Piaf,/m/07lt7b
173,52707,Q202765,,United Kingdom,,Kate Winslet,,52707.0,/m/03cw411,119.0,"['Greek', 'Latin', 'English', 'German']","['United States of America', 'Germany']","['Tragedy', 'Period piece', 'Drama', 'Film adaptation', 'Romantic drama', 'Romance Film', 'Courtroom Drama']",,[],[],,,1,5,14149346.0,The Reader,2008-12-10,"['Drama', 'Other', 'Romance', 'Historical & Period']",108901967.0,2008,33.0,1975-10-05,English people,Hanna Schmitz,/m/0dvld
174,29455,Q40791,English,Germany,,Sandra Bullock,,29455.0,/m/05zy3sc,129.0,['English'],['United States of America'],"['Biography', 'Inspirational Drama', 'Family Drama', 'Docudrama', 'Sports', 'Drama', 'Film adaptation']",,[],[],,,1,2,22729553.0,The Blind Side,2009-11-17,"['Drama', 'Documentary', 'Sports', 'Other']",309208309.0,2009,45.0,1964-07-26,,Leigh Anne Touhy,/m/0794g
175,38459,Q37876,English,United States of America,,Natalie Portman,,38459.0,/m/09k56b7,103.0,"['French', 'Italian', 'English']",['United States of America'],"['Thriller', 'Horror', 'Psychological thriller', 'Mystery', 'Drama', 'Suspense']",,[],[],,,1,5,24480838.0,Black Swan,2010-09-01,"['Thriller & Mystery', 'Drama', 'Horror']",329398046.0,2010,29.0,1981-06-09,Israeli Americans,Nina Sayers,/m/09l3p
176,12684530,Q189490,English,United States of America,British Americans,Jennifer Lawrence,,12684530.0,/m/0h95927,120.0,,['United States of America'],['Comedy'],,[],[],,,,,33502433.0,The Silver Linings Playbook,2012-11-21,['Comedy'],,2012,22.0,1990-08-15,,Tiffany,/m/02x0dzw
